{
  "project_info": {
    "project_number": "820454614833",
    "project_id": "agromech-5f498",
    "storage_bucket": "agromech-5f498.appspot.com"
  },
  "client": [
    {
      "client_info": {
        "mobilesdk_app_id": "1:820454614833:android:f208e53ce7472a6105b210",
        "android_client_info": {
          "package_name": "com.hackheroes.agrosphere"
        }
      },
      "oauth_client": [],
      "api_key": [
        {
          "current_key": "AIzaSyBhY55DsUq60Fa4uN42soPYLsVBLipIITA"
        }
      ],
      "services": {
        "appinvite_service": {
          "other_platform_oauth_client": []
        }
      }
    },
    {
      "client_info": {
        "mobilesdk_app_id": "1:820454614833:android:16c0075f1c1afc7d05b210",
        "android_client_info": {
          "package_name": "com.mycompany.agromech"
        }
      },
      "oauth_client": [],
      "api_key": [
        {
          "current_key": "AIzaSyBhY55DsUq60Fa4uN42soPYLsVBLipIITA"
        }
      ],
      "services": {
        "appinvite_service": {
          "other_platform_oauth_client": []
        }
      }
    }
  ],
  "configuration_version": "1"
}